<?xml version="1.0" encoding="utf-8"?>
<Resource>
	<Version>2</Version>
	<SMaterialData>
		<Root>
			<Sub/>
			<Entity type="SMaterialData">
				<name>_material</name>
				<info>
					<Layers count="1" ordered="true">
						<Element index="0">
							<LayerName>fangkuai_submat</LayerName>
							<ShaderName>Decal</ShaderName>
							<Parameters count="10" ordered="true">
								<Element index="0">
									<Name>DepthBuffer</Name>
									<Value>00000000-0000-0000-0000-000000000000</Value>
								</Element>
								<Element index="1">
									<Name>DiffuseTexture</Name>
									<Value>8e862ec6-1e6f-43b6-9b0f-fcb43c728cca</Value>
								</Element>
								<Element index="2">
									<Name>MaskTexture</Name>
									<Value>00000000-0000-0000-0000-000000000000</Value>
								</Element>
								<Element index="3">
									<Name>BloomScale</Name>
									<Value>0</Value>
								</Element>
								<Element index="4">
									<Name>CircleMode</Name>
									<Value>0</Value>
								</Element>
								<Element index="5">
									<Name>MaskEnable</Name>
									<Value>false</Value>
								</Element>
								<Element index="6">
									<Name>MaskUVScolling</Name>
									<Value>(1, 1, 0, 0)</Value>
								</Element>
								<Element index="7">
									<Name>ModulateColor</Name>
									<Value>(1, 1, 1, 0.6)</Value>
								</Element>
								<Element index="8">
									<Name>Width</Name>
									<Value>1</Value>
								</Element>
								<Element index="9">
									<Name>MaskUVScrolling</Name>
									<Value>(1, 1, 0, 0)</Value>
								</Element>
							</Parameters>
							<InactiveParameters count="0" ordered="true"/>
							<MultiPassMaterials count="0" ordered="true"/>
						</Element>
					</Layers>
				</info>
				<flags count="1" ordered="true">
					<Element index="0">3145760</Element>
				</flags>
				<CustomRenderset count="1" ordered="true">
					<Element index="0">0</Element>
				</CustomRenderset>
			</Entity>
		</Root>
	</SMaterialData>
</Resource>

