{
    "134268468": {
        "editor_effect": {
            "model_id": 134246364,
            "preview_icon": "",
            "name": "\u84dd\u8272\u65b9\u5f62",
            "describe": "134268468",
            "key": 134268468,
            "res_type": "kkres",
            "res_identify": "",
            "scale": 1.0,
            "uid": "134268468",
            "source_effect": [
                100000
            ],
            "version": 1,
            "md5": "0f701b154e35a9907f8d5ed8fdb73417",
            "deps_info": {
                "deps": [
                    [
                        "editor_icon",
                        901142
                    ]
                ],
                "sound_id_list": []
            }
        },
        "model": {
            "name": "\u84dd\u8272\u65b9\u5f62",
            "model_id": 134246364,
            "effect_path": "Fx_Effect/Realism/Fx_Ui/Ui_block_copy",
            "meshes": [],
            "custom": true,
            "effect_keep": true,
            "effect_max_life": -1,
            "is_beam_effect": false
        }
    },
    "sub_type": null,
    "res_type": "editor_effect",
    "import_export_folder_info": "/code_explorer_custom_root_folder_name"
}